id	caption
0	a very typical bus station
1	sierra looked stunning in this top and this skirt while performing with person at their former university
2	young confused girl standing in front of a wardrobe
3	interior design of modern living room with fireplace in a new house
4	cybernetic scene isolated on white background .
5	gangsta rap artist attends sports team vs playoff game in the borough .
6	the jetty : different types of plants to establish a variety of ecosystems .
7	traditional ornamental floral paisley bandanna .
8	# of the sports team skates against sports team during their game .
9	by geographical feature category or in the city - a dome for every environment
10	a flight was traveling when the animal got free on tuesday night
11	even though agricultural conditions are not ideal for growing tobacco , there is indigenous production .
12	us state speaks during a demonstration thursday .
13	actor arrives for the premiere of the film
14	celebrities start decorating for the christmas season lifestyle
15	functions of government : 1 . form a more perfect union
16	actor attends the premiere of season
17	american football player on the field during joint training camp .
18	companies have gone to court for the right to lie
19	all shots by by person and rider shots can be found on his website .
20	photo of a deer and wildfire
21	high angle view of a businessman lying on a table and singing
22	this is real fast food !
23	safe deposit with money around it on a white background photo
24	the giraffe before he was shot dead then autopsied in the presence of the zoo 's visitors , despite an online petition to save him signed by thousands of animal lovers
25	dunes lay the blueprint for the back nine .
26	portrait of a smiling woman stroking her dog lying on couch
27	young business woman on a bench
28	american football player looks downfield during the second half of a football game against sports team
29	... and local people to deliver a new bridge
30	actor arrives to the premiere
31	funny animals of the week , animal pictures
32	see the inspiring way this woman documented her travels on her prosthetic leg
33	the sign promises as much as the glorious blue sky .
34	architectural details of a bridge
35	people tour and enjoy the public park during summer
36	interesting 1930 's poster for a cosmetic company with stores .
37	racecar driver steers his car during video game subject .
38	vintage elegant floral card with frame decorated with black and white lilies on a pink background .
39	heavy snow falls over a snow lined river .
40	bright living room in the attic
41	pop artist attends the 3rd annual at guest house
42	illustration of a map , its flag and a comic balloon with a soccer ball in a not allowed signal
43	rock artist performs on stage at awards held
44	green sea turtle isolated on a white background 3d illustration
45	person , was surprised by the staff
46	red and white flag on the mast
47	football player celebrates scoring for football team against football team in the final
48	concept plug - in hybrid car on display
49	a pencil drawing of a zebra and her baby .
50	airline -- reasons why person leads the way in experience
51	ninety per cent of the units have balconies with views .
52	a demonstration of a group of people practicing their rights
53	actor and daughters uk premiere held
54	a fine , grainy vector pattern in black and white .
55	seamless border of orange roses and paisley , pattern on a white background .
56	students in front of a school
57	museum , opened is among the 20th - century 's most significant buildings .
58	river as it meets bodies of water where airline meets
59	young rock star jamming on a guitar
60	a moored fishing boat viewed from island .
61	vector illustration of person isolated on a white background
62	emergency services were called after a car smashed through a set of traffic lights
63	sheep with a black face fenced in on a winter day
64	a small park with flags and a yellow banner around a tree in support of troops
65	isolated water glass on a white background
66	when choosing your new outdoor color palette , opt for something that will enhance your home 's architectural style and give you plenty of curb appeal .
67	person at a corporate event
68	bulldozer on a building site
69	person finishes at the top
70	country shape animated on the satellite map of the globe
71	paths are clearly marked with signs like this .
72	putts for birdie on the second hole during the final round of the golf tournament .
73	person shot from a cliff looking out at the lake and horizon .
74	sending this angel your way ... it lights the way with it 's tiny candle .
75	i love the colours of her clothes .
76	a very simplified location and geological map of the area and adjacent coast
77	ask owner for photos of the car
78	the state of the world 's forests
79	the mountain slopes covered with powdery snow are popular with visitors , especially foreign tourists
80	farm tractor is moving on the field , cultivating land
81	master playing with his little golden retriever dog on the lawn
82	year later the small shrubs doubled in size .
83	according to the model , she regularly gets told it looks
84	person and the fiancee at their engagement party .
85	good night id been working like a dog i should be sleeping like a log
86	the water was never deeper than your chest .
87	twilight over italian gothic structure and the medieval town
88	a simple wedding cake with lego bride and groom topper and cake pops .
89	simple custom leather pulls for your dresser , cabinets , or doors .
90	sunny woodland morning along river .
91	person , why u turn me on with your designs ? i believe i will bepinning some more of his work here in a bit .
92	pop artist performs on stage .
93	industrial plants in the distance at night
94	building and skyscraper light up at night
95	actor is an actor who started out as a lawyer .
96	color good with green couch in living room ... favorite ... i think maybe a little too peach ?
97	the villas from the front
98	tree branches swing at real time with the wind while clouds move fast in time lapse
99	my coffee of the day !
